filename_stem,pdb_id,stage,detail,heavy_species,anarci_chain_type
1h8n_Aa_ag_m0,1h8n,sabdab_chain_mislabel,ANARCI HMM classifier identified the sequence stored in SAbDab's Hchain slot as a light-chain locus (kappa). Direct sequence inspection confirms a canonical light-chain variable domain. Root cause: SAbDab annotation error -- Hchain assigned to a light-chain sequence in a light-chain-only deposition with no Lchain partner recorded.,mus musculus,K
1h8o_Aa_ag_m0,1h8o,sabdab_chain_mislabel,ANARCI HMM classifier identified the sequence stored in SAbDab's Hchain slot as a light-chain locus (kappa). Direct sequence inspection confirms a canonical light-chain variable domain. Root cause: SAbDab annotation error -- Hchain assigned to a light-chain sequence in a light-chain-only deposition with no Lchain partner recorded.,mus musculus,K
1h8o_Bb_ag_m0,1h8o,sabdab_chain_mislabel,ANARCI HMM classifier identified the sequence stored in SAbDab's Hchain slot as a light-chain locus (kappa). Direct sequence inspection confirms a canonical light-chain variable domain. Root cause: SAbDab annotation error -- Hchain assigned to a light-chain sequence in a light-chain-only deposition with no Lchain partner recorded.,mus musculus,K
1h8s_Aa_aga_m0,1h8s,sabdab_chain_mislabel,ANARCI HMM classifier identified the sequence stored in SAbDab's Hchain slot as a light-chain locus (kappa). Direct sequence inspection confirms a canonical light-chain variable domain. Root cause: SAbDab annotation error -- Hchain assigned to a light-chain sequence in a light-chain-only deposition with no Lchain partner recorded.,mus musculus,K
1h8s_Bb_ag_m0,1h8s,sabdab_chain_mislabel,ANARCI HMM classifier identified the sequence stored in SAbDab's Hchain slot as a light-chain locus (kappa). Direct sequence inspection confirms a canonical light-chain variable domain. Root cause: SAbDab annotation error -- Hchain assigned to a light-chain sequence in a light-chain-only deposition with no Lchain partner recorded.,mus musculus,K
1moe_Aa_ag_m0,1moe,sabdab_chain_mislabel,ANARCI HMM classifier identified the sequence stored in SAbDab's Hchain slot as a light-chain locus (kappa). Direct sequence inspection confirms a canonical light-chain variable domain. Root cause: SAbDab annotation error -- Hchain assigned to a light-chain sequence in a light-chain-only deposition with no Lchain partner recorded.,mus musculus,K
1moe_Bb_ag_m0,1moe,sabdab_chain_mislabel,ANARCI HMM classifier identified the sequence stored in SAbDab's Hchain slot as a light-chain locus (kappa). Direct sequence inspection confirms a canonical light-chain variable domain. Root cause: SAbDab annotation error -- Hchain assigned to a light-chain sequence in a light-chain-only deposition with no Lchain partner recorded.,mus musculus,K
3auv_Aa_ag_m0,3auv,sabdab_chain_mislabel,ANARCI HMM classifier identified the sequence stored in SAbDab's Hchain slot as a light-chain locus (kappa). Direct sequence inspection confirms a canonical light-chain variable domain. Root cause: SAbDab annotation error -- Hchain assigned to a light-chain sequence in a light-chain-only deposition with no Lchain partner recorded.,homo sapiens,K
3auv_Bb_ag_m0,3auv,sabdab_chain_mislabel,ANARCI HMM classifier identified the sequence stored in SAbDab's Hchain slot as a light-chain locus (kappa). Direct sequence inspection confirms a canonical light-chain variable domain. Root cause: SAbDab annotation error -- Hchain assigned to a light-chain sequence in a light-chain-only deposition with no Lchain partner recorded.,homo sapiens,K
3auv_Cc_ag_m0,3auv,sabdab_chain_mislabel,ANARCI HMM classifier identified the sequence stored in SAbDab's Hchain slot as a light-chain locus (kappa). Direct sequence inspection confirms a canonical light-chain variable domain. Root cause: SAbDab annotation error -- Hchain assigned to a light-chain sequence in a light-chain-only deposition with no Lchain partner recorded.,homo sapiens,K
3auv_Dd_ag_m0,3auv,sabdab_chain_mislabel,ANARCI HMM classifier identified the sequence stored in SAbDab's Hchain slot as a light-chain locus (kappa). Direct sequence inspection confirms a canonical light-chain variable domain. Root cause: SAbDab annotation error -- Hchain assigned to a light-chain sequence in a light-chain-only deposition with no Lchain partner recorded.,homo sapiens,K
3auv_Ee_ag_m0,3auv,sabdab_chain_mislabel,ANARCI HMM classifier identified the sequence stored in SAbDab's Hchain slot as a light-chain locus (kappa). Direct sequence inspection confirms a canonical light-chain variable domain. Root cause: SAbDab annotation error -- Hchain assigned to a light-chain sequence in a light-chain-only deposition with no Lchain partner recorded.,homo sapiens,K
3auv_Ff_ag_m0,3auv,sabdab_chain_mislabel,ANARCI HMM classifier identified the sequence stored in SAbDab's Hchain slot as a light-chain locus (kappa). Direct sequence inspection confirms a canonical light-chain variable domain. Root cause: SAbDab annotation error -- Hchain assigned to a light-chain sequence in a light-chain-only deposition with no Lchain partner recorded.,homo sapiens,K
3esu_Ff_ag_m0,3esu,sabdab_chain_mislabel,ANARCI HMM classifier identified the sequence stored in SAbDab's Hchain slot as a light-chain locus (kappa). Direct sequence inspection confirms a canonical light-chain variable domain. Root cause: SAbDab annotation error -- Hchain assigned to a light-chain sequence in a light-chain-only deposition with no Lchain partner recorded.,mus musculus,K
3esv_Ff_ag_m0,3esv,sabdab_chain_mislabel,ANARCI HMM classifier identified the sequence stored in SAbDab's Hchain slot as a light-chain locus (kappa). Direct sequence inspection confirms a canonical light-chain variable domain. Root cause: SAbDab annotation error -- Hchain assigned to a light-chain sequence in a light-chain-only deposition with no Lchain partner recorded.,mus musculus,K
3esv_Gg_ag_m0,3esv,sabdab_chain_mislabel,ANARCI HMM classifier identified the sequence stored in SAbDab's Hchain slot as a light-chain locus (kappa). Direct sequence inspection confirms a canonical light-chain variable domain. Root cause: SAbDab annotation error -- Hchain assigned to a light-chain sequence in a light-chain-only deposition with no Lchain partner recorded.,mus musculus,K
3et9_Ff_ag_m0,3et9,sabdab_chain_mislabel,ANARCI HMM classifier identified the sequence stored in SAbDab's Hchain slot as a light-chain locus (kappa). Direct sequence inspection confirms a canonical light-chain variable domain. Root cause: SAbDab annotation error -- Hchain assigned to a light-chain sequence in a light-chain-only deposition with no Lchain partner recorded.,mus musculus,K
3etb_Ff_agJ_m0,3etb,sabdab_chain_mislabel,ANARCI HMM classifier identified the sequence stored in SAbDab's Hchain slot as a light-chain locus (kappa). Direct sequence inspection confirms a canonical light-chain variable domain. Root cause: SAbDab annotation error -- Hchain assigned to a light-chain sequence in a light-chain-only deposition with no Lchain partner recorded.,mus musculus,K
3etb_Gg_agK_m0,3etb,sabdab_chain_mislabel,ANARCI HMM classifier identified the sequence stored in SAbDab's Hchain slot as a light-chain locus (kappa). Direct sequence inspection confirms a canonical light-chain variable domain. Root cause: SAbDab annotation error -- Hchain assigned to a light-chain sequence in a light-chain-only deposition with no Lchain partner recorded.,mus musculus,K
3etb_Hh_agL_m0,3etb,sabdab_chain_mislabel,ANARCI HMM classifier identified the sequence stored in SAbDab's Hchain slot as a light-chain locus (kappa). Direct sequence inspection confirms a canonical light-chain variable domain. Root cause: SAbDab annotation error -- Hchain assigned to a light-chain sequence in a light-chain-only deposition with no Lchain partner recorded.,mus musculus,K
3etb_Ii_agM_m0,3etb,sabdab_chain_mislabel,ANARCI HMM classifier identified the sequence stored in SAbDab's Hchain slot as a light-chain locus (kappa). Direct sequence inspection confirms a canonical light-chain variable domain. Root cause: SAbDab annotation error -- Hchain assigned to a light-chain sequence in a light-chain-only deposition with no Lchain partner recorded.,mus musculus,K
3ux9_Bb_agA_m0,3ux9,sabdab_chain_mislabel,ANARCI HMM classifier identified the sequence stored in SAbDab's Hchain slot as a light-chain locus (lambda). Direct sequence inspection confirms a canonical light-chain variable domain. Root cause: SAbDab annotation error -- Hchain assigned to a light-chain sequence in a light-chain-only deposition with no Lchain partner recorded.,homo sapiens,L
3ux9_Dd_agC_m0,3ux9,sabdab_chain_mislabel,ANARCI HMM classifier identified the sequence stored in SAbDab's Hchain slot as a light-chain locus (lambda). Direct sequence inspection confirms a canonical light-chain variable domain. Root cause: SAbDab annotation error -- Hchain assigned to a light-chain sequence in a light-chain-only deposition with no Lchain partner recorded.,homo sapiens,L
5a2i_Hh_agP_m0,5a2i,sabdab_chain_mislabel,ANARCI HMM classifier identified the sequence stored in SAbDab's Hchain slot as a light-chain locus (lambda). Direct sequence inspection confirms a canonical light-chain variable domain. Root cause: SAbDab annotation error -- Hchain assigned to a light-chain sequence in a light-chain-only deposition with no Lchain partner recorded.,mus musculus,L
5f3j_Cc_agA_m0,5f3j,sabdab_chain_mislabel,ANARCI HMM classifier identified the sequence stored in SAbDab's Hchain slot as a light-chain locus (kappa). Direct sequence inspection confirms a canonical light-chain variable domain. Root cause: SAbDab annotation error -- Hchain assigned to a light-chain sequence in a light-chain-only deposition with no Lchain partner recorded.,mus musculus,K
5f3j_Dd_agB_m0,5f3j,sabdab_chain_mislabel,ANARCI HMM classifier identified the sequence stored in SAbDab's Hchain slot as a light-chain locus (kappa). Direct sequence inspection confirms a canonical light-chain variable domain. Root cause: SAbDab annotation error -- Hchain assigned to a light-chain sequence in a light-chain-only deposition with no Lchain partner recorded.,mus musculus,K
5fcs_Hh_ag_m0,5fcs,sabdab_chain_mislabel,ANARCI HMM classifier identified the sequence stored in SAbDab's Hchain slot as a light-chain locus (lambda). Direct sequence inspection confirms a canonical light-chain variable domain. Root cause: SAbDab annotation error -- Hchain assigned to a light-chain sequence in a light-chain-only deposition with no Lchain partner recorded.,homo sapiens,L
5fcs_Ll_ag_m0,5fcs,sabdab_chain_mislabel,ANARCI HMM classifier identified the sequence stored in SAbDab's Hchain slot as a light-chain locus (lambda). Direct sequence inspection confirms a canonical light-chain variable domain. Root cause: SAbDab annotation error -- Hchain assigned to a light-chain sequence in a light-chain-only deposition with no Lchain partner recorded.,homo sapiens,L
5ogi_Bb_agA_m0,5ogi,sabdab_chain_mislabel,ANARCI HMM classifier identified the sequence stored in SAbDab's Hchain slot as a light-chain locus (kappa). Direct sequence inspection confirms a canonical light-chain variable domain. Root cause: SAbDab annotation error -- Hchain assigned to a light-chain sequence in a light-chain-only deposition with no Lchain partner recorded.,mus musculus,K
5ujz_Gg_agA_m0,5ujz,sabdab_chain_mislabel,ANARCI HMM classifier identified the sequence stored in SAbDab's Hchain slot as a light-chain locus (kappa). Direct sequence inspection confirms a canonical light-chain variable domain. Root cause: SAbDab annotation error -- Hchain assigned to a light-chain sequence in a light-chain-only deposition with no Lchain partner recorded.,homo sapiens,K
5ujz_Hh_agC_m0,5ujz,sabdab_chain_mislabel,ANARCI HMM classifier identified the sequence stored in SAbDab's Hchain slot as a light-chain locus (kappa). Direct sequence inspection confirms a canonical light-chain variable domain. Root cause: SAbDab annotation error -- Hchain assigned to a light-chain sequence in a light-chain-only deposition with no Lchain partner recorded.,homo sapiens,K
5ujz_Ii_agE_m0,5ujz,sabdab_chain_mislabel,ANARCI HMM classifier identified the sequence stored in SAbDab's Hchain slot as a light-chain locus (kappa). Direct sequence inspection confirms a canonical light-chain variable domain. Root cause: SAbDab annotation error -- Hchain assigned to a light-chain sequence in a light-chain-only deposition with no Lchain partner recorded.,homo sapiens,K
5uk0_Gg_agA_m0,5uk0,sabdab_chain_mislabel,ANARCI HMM classifier identified the sequence stored in SAbDab's Hchain slot as a light-chain locus (kappa). Direct sequence inspection confirms a canonical light-chain variable domain. Root cause: SAbDab annotation error -- Hchain assigned to a light-chain sequence in a light-chain-only deposition with no Lchain partner recorded.,homo sapiens,K
5uk0_Hh_agC_m0,5uk0,sabdab_chain_mislabel,ANARCI HMM classifier identified the sequence stored in SAbDab's Hchain slot as a light-chain locus (kappa). Direct sequence inspection confirms a canonical light-chain variable domain. Root cause: SAbDab annotation error -- Hchain assigned to a light-chain sequence in a light-chain-only deposition with no Lchain partner recorded.,homo sapiens,K
5uk0_Ii_agE_m0,5uk0,sabdab_chain_mislabel,ANARCI HMM classifier identified the sequence stored in SAbDab's Hchain slot as a light-chain locus (kappa). Direct sequence inspection confirms a canonical light-chain variable domain. Root cause: SAbDab annotation error -- Hchain assigned to a light-chain sequence in a light-chain-only deposition with no Lchain partner recorded.,homo sapiens,K
5uk1_Gg_agA_m0,5uk1,sabdab_chain_mislabel,ANARCI HMM classifier identified the sequence stored in SAbDab's Hchain slot as a light-chain locus (kappa). Direct sequence inspection confirms a canonical light-chain variable domain. Root cause: SAbDab annotation error -- Hchain assigned to a light-chain sequence in a light-chain-only deposition with no Lchain partner recorded.,homo sapiens,K
5uk1_Hh_agC_m0,5uk1,sabdab_chain_mislabel,ANARCI HMM classifier identified the sequence stored in SAbDab's Hchain slot as a light-chain locus (kappa). Direct sequence inspection confirms a canonical light-chain variable domain. Root cause: SAbDab annotation error -- Hchain assigned to a light-chain sequence in a light-chain-only deposition with no Lchain partner recorded.,homo sapiens,K
5uk1_Ii_agE_m0,5uk1,sabdab_chain_mislabel,ANARCI HMM classifier identified the sequence stored in SAbDab's Hchain slot as a light-chain locus (kappa). Direct sequence inspection confirms a canonical light-chain variable domain. Root cause: SAbDab annotation error -- Hchain assigned to a light-chain sequence in a light-chain-only deposition with no Lchain partner recorded.,homo sapiens,K
5uk2_Gg_agA_m0,5uk2,sabdab_chain_mislabel,ANARCI HMM classifier identified the sequence stored in SAbDab's Hchain slot as a light-chain locus (kappa). Direct sequence inspection confirms a canonical light-chain variable domain. Root cause: SAbDab annotation error -- Hchain assigned to a light-chain sequence in a light-chain-only deposition with no Lchain partner recorded.,homo sapiens,K
5uk2_Hh_agC_m0,5uk2,sabdab_chain_mislabel,ANARCI HMM classifier identified the sequence stored in SAbDab's Hchain slot as a light-chain locus (kappa). Direct sequence inspection confirms a canonical light-chain variable domain. Root cause: SAbDab annotation error -- Hchain assigned to a light-chain sequence in a light-chain-only deposition with no Lchain partner recorded.,homo sapiens,K
5uk2_Ii_agE_m0,5uk2,sabdab_chain_mislabel,ANARCI HMM classifier identified the sequence stored in SAbDab's Hchain slot as a light-chain locus (kappa). Direct sequence inspection confirms a canonical light-chain variable domain. Root cause: SAbDab annotation error -- Hchain assigned to a light-chain sequence in a light-chain-only deposition with no Lchain partner recorded.,homo sapiens,K
5yax_Aa_ag_m0,5yax,sabdab_chain_mislabel,ANARCI HMM classifier identified the sequence stored in SAbDab's Hchain slot as a light-chain locus (lambda). Direct sequence inspection confirms a canonical light-chain variable domain. Root cause: SAbDab annotation error -- Hchain assigned to a light-chain sequence in a light-chain-only deposition with no Lchain partner recorded.,homo sapiens,L
6ejg_Cc_agA_m0,6ejg,sabdab_chain_mislabel,ANARCI HMM classifier identified the sequence stored in SAbDab's Hchain slot as a light-chain locus (kappa). Direct sequence inspection confirms a canonical light-chain variable domain. Root cause: SAbDab annotation error -- Hchain assigned to a light-chain sequence in a light-chain-only deposition with no Lchain partner recorded.,mus musculus,K
6ejg_Dd_agB_m0,6ejg,sabdab_chain_mislabel,ANARCI HMM classifier identified the sequence stored in SAbDab's Hchain slot as a light-chain locus (kappa). Direct sequence inspection confirms a canonical light-chain variable domain. Root cause: SAbDab annotation error -- Hchain assigned to a light-chain sequence in a light-chain-only deposition with no Lchain partner recorded.,mus musculus,K
6eqc_Dd_agA_m0,6eqc,sabdab_chain_mislabel,ANARCI HMM classifier identified the sequence stored in SAbDab's Hchain slot as a light-chain locus (kappa). Direct sequence inspection confirms a canonical light-chain variable domain. Root cause: SAbDab annotation error -- Hchain assigned to a light-chain sequence in a light-chain-only deposition with no Lchain partner recorded.,mus musculus,K
6eqc_Ee_agB_m0,6eqc,sabdab_chain_mislabel,ANARCI HMM classifier identified the sequence stored in SAbDab's Hchain slot as a light-chain locus (kappa). Direct sequence inspection confirms a canonical light-chain variable domain. Root cause: SAbDab annotation error -- Hchain assigned to a light-chain sequence in a light-chain-only deposition with no Lchain partner recorded.,mus musculus,K
6eqc_Ff_agC_m0,6eqc,sabdab_chain_mislabel,ANARCI HMM classifier identified the sequence stored in SAbDab's Hchain slot as a light-chain locus (kappa). Direct sequence inspection confirms a canonical light-chain variable domain. Root cause: SAbDab annotation error -- Hchain assigned to a light-chain sequence in a light-chain-only deposition with no Lchain partner recorded.,mus musculus,K
6i07_Aa_agC_m0,6i07,sabdab_chain_mislabel,ANARCI HMM classifier identified the sequence stored in SAbDab's Hchain slot as a light-chain locus (kappa). Direct sequence inspection confirms a canonical light-chain variable domain. Root cause: SAbDab annotation error -- Hchain assigned to a light-chain sequence in a light-chain-only deposition with no Lchain partner recorded.,homo sapiens,K
6i07_Bb_agD_m0,6i07,sabdab_chain_mislabel,ANARCI HMM classifier identified the sequence stored in SAbDab's Hchain slot as a light-chain locus (kappa). Direct sequence inspection confirms a canonical light-chain variable domain. Root cause: SAbDab annotation error -- Hchain assigned to a light-chain sequence in a light-chain-only deposition with no Lchain partner recorded.,homo sapiens,K
6k4z_Aa_aga_m0,6k4z,sabdab_chain_mislabel,ANARCI HMM classifier identified the sequence stored in SAbDab's Hchain slot as a light-chain locus (lambda). Direct sequence inspection confirms a canonical light-chain variable domain. Root cause: SAbDab annotation error -- Hchain assigned to a light-chain sequence in a light-chain-only deposition with no Lchain partner recorded.,mus musculus,L
6k4z_Bb_agb_m0,6k4z,sabdab_chain_mislabel,ANARCI HMM classifier identified the sequence stored in SAbDab's Hchain slot as a light-chain locus (lambda). Direct sequence inspection confirms a canonical light-chain variable domain. Root cause: SAbDab annotation error -- Hchain assigned to a light-chain sequence in a light-chain-only deposition with no Lchain partner recorded.,mus musculus,L
6lfv_Aa_agNA_m0,6lfv,sabdab_chain_mislabel,ANARCI HMM classifier identified the sequence stored in SAbDab's Hchain slot as a light-chain locus (kappa). Direct sequence inspection confirms a canonical light-chain variable domain. Root cause: SAbDab annotation error -- Hchain assigned to a light-chain sequence in a light-chain-only deposition with no Lchain partner recorded.,mus musculus,K
6lfw_Aa_aga_m0,6lfw,sabdab_chain_mislabel,ANARCI HMM classifier identified the sequence stored in SAbDab's Hchain slot as a light-chain locus (kappa). Direct sequence inspection confirms a canonical light-chain variable domain. Root cause: SAbDab annotation error -- Hchain assigned to a light-chain sequence in a light-chain-only deposition with no Lchain partner recorded.,mus musculus,K
6lfx_Aa_aga_m0,6lfx,sabdab_chain_mislabel,ANARCI HMM classifier identified the sequence stored in SAbDab's Hchain slot as a light-chain locus (kappa). Direct sequence inspection confirms a canonical light-chain variable domain. Root cause: SAbDab annotation error -- Hchain assigned to a light-chain sequence in a light-chain-only deposition with no Lchain partner recorded.,mus musculus,K
6tcs_Aa_ag_m0,6tcs,sabdab_chain_mislabel,ANARCI HMM classifier identified the sequence stored in SAbDab's Hchain slot as a light-chain locus (kappa). Direct sequence inspection confirms a canonical light-chain variable domain. Root cause: SAbDab annotation error -- Hchain assigned to a light-chain sequence in a light-chain-only deposition with no Lchain partner recorded.,homo sapiens,K
6uqr_Cc_agD_m0,6uqr,sabdab_chain_mislabel,ANARCI HMM classifier identified the sequence stored in SAbDab's Hchain slot as a light-chain locus (kappa). Direct sequence inspection confirms a canonical light-chain variable domain. Root cause: SAbDab annotation error -- Hchain assigned to a light-chain sequence in a light-chain-only deposition with no Lchain partner recorded.,homo sapiens,K
7epu_Aa_agB_m0,7epu,sabdab_chain_mislabel,ANARCI HMM classifier identified the sequence stored in SAbDab's Hchain slot as a light-chain locus (lambda). Direct sequence inspection confirms a canonical light-chain variable domain. Root cause: SAbDab annotation error -- Hchain assigned to a light-chain sequence in a light-chain-only deposition with no Lchain partner recorded.,homo sapiens,L
7k5x_Mm_agC _ B _ D_m0,7k5x,sabdab_chain_mislabel,ANARCI HMM classifier identified the sequence stored in SAbDab's Hchain slot as a light-chain locus (kappa). Direct sequence inspection confirms a canonical light-chain variable domain. Root cause: SAbDab annotation error -- Hchain assigned to a light-chain sequence in a light-chain-only deposition with no Lchain partner recorded.,mus musculus,K
7k5x_Nn_agG _ F _ H_m0,7k5x,sabdab_chain_mislabel,ANARCI HMM classifier identified the sequence stored in SAbDab's Hchain slot as a light-chain locus (kappa). Direct sequence inspection confirms a canonical light-chain variable domain. Root cause: SAbDab annotation error -- Hchain assigned to a light-chain sequence in a light-chain-only deposition with no Lchain partner recorded.,mus musculus,K
7k5y_Mm_agC _ B _ D_m0,7k5y,sabdab_chain_mislabel,ANARCI HMM classifier identified the sequence stored in SAbDab's Hchain slot as a light-chain locus (kappa). Direct sequence inspection confirms a canonical light-chain variable domain. Root cause: SAbDab annotation error -- Hchain assigned to a light-chain sequence in a light-chain-only deposition with no Lchain partner recorded.,mus musculus,K
7k5y_Nn_agG _ H_m0,7k5y,sabdab_chain_mislabel,ANARCI HMM classifier identified the sequence stored in SAbDab's Hchain slot as a light-chain locus (kappa). Direct sequence inspection confirms a canonical light-chain variable domain. Root cause: SAbDab annotation error -- Hchain assigned to a light-chain sequence in a light-chain-only deposition with no Lchain partner recorded.,mus musculus,K
7k60_Mm_agC _ B _ D_m0,7k60,sabdab_chain_mislabel,ANARCI HMM classifier identified the sequence stored in SAbDab's Hchain slot as a light-chain locus (kappa). Direct sequence inspection confirms a canonical light-chain variable domain. Root cause: SAbDab annotation error -- Hchain assigned to a light-chain sequence in a light-chain-only deposition with no Lchain partner recorded.,mus musculus,K
7k60_Nn_agG _ F _ H_m0,7k60,sabdab_chain_mislabel,ANARCI HMM classifier identified the sequence stored in SAbDab's Hchain slot as a light-chain locus (kappa). Direct sequence inspection confirms a canonical light-chain variable domain. Root cause: SAbDab annotation error -- Hchain assigned to a light-chain sequence in a light-chain-only deposition with no Lchain partner recorded.,mus musculus,K
7k61_Mm_agC _ B _ D_m0,7k61,sabdab_chain_mislabel,ANARCI HMM classifier identified the sequence stored in SAbDab's Hchain slot as a light-chain locus (kappa). Direct sequence inspection confirms a canonical light-chain variable domain. Root cause: SAbDab annotation error -- Hchain assigned to a light-chain sequence in a light-chain-only deposition with no Lchain partner recorded.,mus musculus,K
7k61_Nn_agG _ F _ H_m0,7k61,sabdab_chain_mislabel,ANARCI HMM classifier identified the sequence stored in SAbDab's Hchain slot as a light-chain locus (kappa). Direct sequence inspection confirms a canonical light-chain variable domain. Root cause: SAbDab annotation error -- Hchain assigned to a light-chain sequence in a light-chain-only deposition with no Lchain partner recorded.,mus musculus,K
7k63_Mm_agC _ B _ D_m0,7k63,sabdab_chain_mislabel,ANARCI HMM classifier identified the sequence stored in SAbDab's Hchain slot as a light-chain locus (kappa). Direct sequence inspection confirms a canonical light-chain variable domain. Root cause: SAbDab annotation error -- Hchain assigned to a light-chain sequence in a light-chain-only deposition with no Lchain partner recorded.,mus musculus,K
7k63_Nn_agG _ F _ H_m0,7k63,sabdab_chain_mislabel,ANARCI HMM classifier identified the sequence stored in SAbDab's Hchain slot as a light-chain locus (kappa). Direct sequence inspection confirms a canonical light-chain variable domain. Root cause: SAbDab annotation error -- Hchain assigned to a light-chain sequence in a light-chain-only deposition with no Lchain partner recorded.,mus musculus,K
7urv_Dd_agC_m0,7urv,sabdab_chain_mislabel,ANARCI HMM classifier identified the sequence stored in SAbDab's Hchain slot as a light-chain locus (kappa). Direct sequence inspection confirms a canonical light-chain variable domain. Root cause: SAbDab annotation error -- Hchain assigned to a light-chain sequence in a light-chain-only deposition with no Lchain partner recorded.,mus musculus,K
7wop_Bb_agA_m0,7wop,sabdab_chain_mislabel,ANARCI HMM classifier identified the sequence stored in SAbDab's Hchain slot as a light-chain locus (lambda). Direct sequence inspection confirms a canonical light-chain variable domain. Root cause: SAbDab annotation error -- Hchain assigned to a light-chain sequence in a light-chain-only deposition with no Lchain partner recorded.,homo sapiens,L
7wop_Cc_agA_m0,7wop,sabdab_chain_mislabel,ANARCI HMM classifier identified the sequence stored in SAbDab's Hchain slot as a light-chain locus (lambda). Direct sequence inspection confirms a canonical light-chain variable domain. Root cause: SAbDab annotation error -- Hchain assigned to a light-chain sequence in a light-chain-only deposition with no Lchain partner recorded.,homo sapiens,L
7woq_Dd_agB_m0,7woq,sabdab_chain_mislabel,ANARCI HMM classifier identified the sequence stored in SAbDab's Hchain slot as a light-chain locus (lambda). Direct sequence inspection confirms a canonical light-chain variable domain. Root cause: SAbDab annotation error -- Hchain assigned to a light-chain sequence in a light-chain-only deposition with no Lchain partner recorded.,homo sapiens,L
7wor_Dd_agB_m0,7wor,sabdab_chain_mislabel,ANARCI HMM classifier identified the sequence stored in SAbDab's Hchain slot as a light-chain locus (lambda). Direct sequence inspection confirms a canonical light-chain variable domain. Root cause: SAbDab annotation error -- Hchain assigned to a light-chain sequence in a light-chain-only deposition with no Lchain partner recorded.,homo sapiens,L
7wor_Ee_agB_m0,7wor,sabdab_chain_mislabel,ANARCI HMM classifier identified the sequence stored in SAbDab's Hchain slot as a light-chain locus (lambda). Direct sequence inspection confirms a canonical light-chain variable domain. Root cause: SAbDab annotation error -- Hchain assigned to a light-chain sequence in a light-chain-only deposition with no Lchain partner recorded.,homo sapiens,L
7wor_Ff_agC_m0,7wor,sabdab_chain_mislabel,ANARCI HMM classifier identified the sequence stored in SAbDab's Hchain slot as a light-chain locus (lambda). Direct sequence inspection confirms a canonical light-chain variable domain. Root cause: SAbDab annotation error -- Hchain assigned to a light-chain sequence in a light-chain-only deposition with no Lchain partner recorded.,homo sapiens,L
7wos_Dd_agB_m0,7wos,sabdab_chain_mislabel,ANARCI HMM classifier identified the sequence stored in SAbDab's Hchain slot as a light-chain locus (lambda). Direct sequence inspection confirms a canonical light-chain variable domain. Root cause: SAbDab annotation error -- Hchain assigned to a light-chain sequence in a light-chain-only deposition with no Lchain partner recorded.,homo sapiens,L
7wos_Ee_agB_m0,7wos,sabdab_chain_mislabel,ANARCI HMM classifier identified the sequence stored in SAbDab's Hchain slot as a light-chain locus (lambda). Direct sequence inspection confirms a canonical light-chain variable domain. Root cause: SAbDab annotation error -- Hchain assigned to a light-chain sequence in a light-chain-only deposition with no Lchain partner recorded.,homo sapiens,L
7wos_Ff_agC_m0,7wos,sabdab_chain_mislabel,ANARCI HMM classifier identified the sequence stored in SAbDab's Hchain slot as a light-chain locus (lambda). Direct sequence inspection confirms a canonical light-chain variable domain. Root cause: SAbDab annotation error -- Hchain assigned to a light-chain sequence in a light-chain-only deposition with no Lchain partner recorded.,homo sapiens,L
7wos_Gg_agC_m0,7wos,sabdab_chain_mislabel,ANARCI HMM classifier identified the sequence stored in SAbDab's Hchain slot as a light-chain locus (lambda). Direct sequence inspection confirms a canonical light-chain variable domain. Root cause: SAbDab annotation error -- Hchain assigned to a light-chain sequence in a light-chain-only deposition with no Lchain partner recorded.,homo sapiens,L
7wou_Dd_agB_m0,7wou,sabdab_chain_mislabel,ANARCI HMM classifier identified the sequence stored in SAbDab's Hchain slot as a light-chain locus (lambda). Direct sequence inspection confirms a canonical light-chain variable domain. Root cause: SAbDab annotation error -- Hchain assigned to a light-chain sequence in a light-chain-only deposition with no Lchain partner recorded.,homo sapiens,L
7wou_Ee_agB_m0,7wou,sabdab_chain_mislabel,ANARCI HMM classifier identified the sequence stored in SAbDab's Hchain slot as a light-chain locus (lambda). Direct sequence inspection confirms a canonical light-chain variable domain. Root cause: SAbDab annotation error -- Hchain assigned to a light-chain sequence in a light-chain-only deposition with no Lchain partner recorded.,homo sapiens,L
7wou_Ff_agC_m0,7wou,sabdab_chain_mislabel,ANARCI HMM classifier identified the sequence stored in SAbDab's Hchain slot as a light-chain locus (lambda). Direct sequence inspection confirms a canonical light-chain variable domain. Root cause: SAbDab annotation error -- Hchain assigned to a light-chain sequence in a light-chain-only deposition with no Lchain partner recorded.,homo sapiens,L
7wou_Gg_agC_m0,7wou,sabdab_chain_mislabel,ANARCI HMM classifier identified the sequence stored in SAbDab's Hchain slot as a light-chain locus (lambda). Direct sequence inspection confirms a canonical light-chain variable domain. Root cause: SAbDab annotation error -- Hchain assigned to a light-chain sequence in a light-chain-only deposition with no Lchain partner recorded.,homo sapiens,L
7wov_Dd_agA_m0,7wov,sabdab_chain_mislabel,ANARCI HMM classifier identified the sequence stored in SAbDab's Hchain slot as a light-chain locus (lambda). Direct sequence inspection confirms a canonical light-chain variable domain. Root cause: SAbDab annotation error -- Hchain assigned to a light-chain sequence in a light-chain-only deposition with no Lchain partner recorded.,homo sapiens,L
7wov_Ee_agA_m0,7wov,sabdab_chain_mislabel,ANARCI HMM classifier identified the sequence stored in SAbDab's Hchain slot as a light-chain locus (lambda). Direct sequence inspection confirms a canonical light-chain variable domain. Root cause: SAbDab annotation error -- Hchain assigned to a light-chain sequence in a light-chain-only deposition with no Lchain partner recorded.,homo sapiens,L
7wov_Ff_agB_m0,7wov,sabdab_chain_mislabel,ANARCI HMM classifier identified the sequence stored in SAbDab's Hchain slot as a light-chain locus (lambda). Direct sequence inspection confirms a canonical light-chain variable domain. Root cause: SAbDab annotation error -- Hchain assigned to a light-chain sequence in a light-chain-only deposition with no Lchain partner recorded.,homo sapiens,L
7wov_Gg_agB_m0,7wov,sabdab_chain_mislabel,ANARCI HMM classifier identified the sequence stored in SAbDab's Hchain slot as a light-chain locus (lambda). Direct sequence inspection confirms a canonical light-chain variable domain. Root cause: SAbDab annotation error -- Hchain assigned to a light-chain sequence in a light-chain-only deposition with no Lchain partner recorded.,homo sapiens,L
7wov_Hh_agC_m0,7wov,sabdab_chain_mislabel,ANARCI HMM classifier identified the sequence stored in SAbDab's Hchain slot as a light-chain locus (lambda). Direct sequence inspection confirms a canonical light-chain variable domain. Root cause: SAbDab annotation error -- Hchain assigned to a light-chain sequence in a light-chain-only deposition with no Lchain partner recorded.,homo sapiens,L
7wov_Ii_agC_m0,7wov,sabdab_chain_mislabel,ANARCI HMM classifier identified the sequence stored in SAbDab's Hchain slot as a light-chain locus (lambda). Direct sequence inspection confirms a canonical light-chain variable domain. Root cause: SAbDab annotation error -- Hchain assigned to a light-chain sequence in a light-chain-only deposition with no Lchain partner recorded.,homo sapiens,L
7wow_Dd_agA_m0,7wow,sabdab_chain_mislabel,ANARCI HMM classifier identified the sequence stored in SAbDab's Hchain slot as a light-chain locus (lambda). Direct sequence inspection confirms a canonical light-chain variable domain. Root cause: SAbDab annotation error -- Hchain assigned to a light-chain sequence in a light-chain-only deposition with no Lchain partner recorded.,homo sapiens,L
7wow_Ee_agA_m0,7wow,sabdab_chain_mislabel,ANARCI HMM classifier identified the sequence stored in SAbDab's Hchain slot as a light-chain locus (lambda). Direct sequence inspection confirms a canonical light-chain variable domain. Root cause: SAbDab annotation error -- Hchain assigned to a light-chain sequence in a light-chain-only deposition with no Lchain partner recorded.,homo sapiens,L
7wow_Ff_agB_m0,7wow,sabdab_chain_mislabel,ANARCI HMM classifier identified the sequence stored in SAbDab's Hchain slot as a light-chain locus (lambda). Direct sequence inspection confirms a canonical light-chain variable domain. Root cause: SAbDab annotation error -- Hchain assigned to a light-chain sequence in a light-chain-only deposition with no Lchain partner recorded.,homo sapiens,L
7wow_Gg_agB_m0,7wow,sabdab_chain_mislabel,ANARCI HMM classifier identified the sequence stored in SAbDab's Hchain slot as a light-chain locus (lambda). Direct sequence inspection confirms a canonical light-chain variable domain. Root cause: SAbDab annotation error -- Hchain assigned to a light-chain sequence in a light-chain-only deposition with no Lchain partner recorded.,homo sapiens,L
7wow_Hh_agC_m0,7wow,sabdab_chain_mislabel,ANARCI HMM classifier identified the sequence stored in SAbDab's Hchain slot as a light-chain locus (lambda). Direct sequence inspection confirms a canonical light-chain variable domain. Root cause: SAbDab annotation error -- Hchain assigned to a light-chain sequence in a light-chain-only deposition with no Lchain partner recorded.,homo sapiens,L
7wow_Ii_agC_m0,7wow,sabdab_chain_mislabel,ANARCI HMM classifier identified the sequence stored in SAbDab's Hchain slot as a light-chain locus (lambda). Direct sequence inspection confirms a canonical light-chain variable domain. Root cause: SAbDab annotation error -- Hchain assigned to a light-chain sequence in a light-chain-only deposition with no Lchain partner recorded.,homo sapiens,L
7wow_Mm_agJ_m0,7wow,sabdab_chain_mislabel,ANARCI HMM classifier identified the sequence stored in SAbDab's Hchain slot as a light-chain locus (lambda). Direct sequence inspection confirms a canonical light-chain variable domain. Root cause: SAbDab annotation error -- Hchain assigned to a light-chain sequence in a light-chain-only deposition with no Lchain partner recorded.,homo sapiens,L
7wow_Nn_agJ_m0,7wow,sabdab_chain_mislabel,ANARCI HMM classifier identified the sequence stored in SAbDab's Hchain slot as a light-chain locus (lambda). Direct sequence inspection confirms a canonical light-chain variable domain. Root cause: SAbDab annotation error -- Hchain assigned to a light-chain sequence in a light-chain-only deposition with no Lchain partner recorded.,homo sapiens,L
7wow_Oo_agK_m0,7wow,sabdab_chain_mislabel,ANARCI HMM classifier identified the sequence stored in SAbDab's Hchain slot as a light-chain locus (lambda). Direct sequence inspection confirms a canonical light-chain variable domain. Root cause: SAbDab annotation error -- Hchain assigned to a light-chain sequence in a light-chain-only deposition with no Lchain partner recorded.,homo sapiens,L
7wow_Pp_agK_m0,7wow,sabdab_chain_mislabel,ANARCI HMM classifier identified the sequence stored in SAbDab's Hchain slot as a light-chain locus (lambda). Direct sequence inspection confirms a canonical light-chain variable domain. Root cause: SAbDab annotation error -- Hchain assigned to a light-chain sequence in a light-chain-only deposition with no Lchain partner recorded.,homo sapiens,L
7wow_Qq_agL_m0,7wow,sabdab_chain_mislabel,ANARCI HMM classifier identified the sequence stored in SAbDab's Hchain slot as a light-chain locus (lambda). Direct sequence inspection confirms a canonical light-chain variable domain. Root cause: SAbDab annotation error -- Hchain assigned to a light-chain sequence in a light-chain-only deposition with no Lchain partner recorded.,homo sapiens,L
7wow_Rr_agL_m0,7wow,sabdab_chain_mislabel,ANARCI HMM classifier identified the sequence stored in SAbDab's Hchain slot as a light-chain locus (lambda). Direct sequence inspection confirms a canonical light-chain variable domain. Root cause: SAbDab annotation error -- Hchain assigned to a light-chain sequence in a light-chain-only deposition with no Lchain partner recorded.,homo sapiens,L
7y65_Ss_agA _ B_m0,7y65,sabdab_chain_mislabel,ANARCI HMM classifier identified the sequence stored in SAbDab's Hchain slot as a light-chain locus (kappa). Direct sequence inspection confirms a canonical light-chain variable domain. Root cause: SAbDab annotation error -- Hchain assigned to a light-chain sequence in a light-chain-only deposition with no Lchain partner recorded.,mus musculus,K
8cz8_Aa_agM_m0,8cz8,sabdab_chain_mislabel,ANARCI HMM classifier identified the sequence stored in SAbDab's Hchain slot as a light-chain locus (lambda). Direct sequence inspection confirms a canonical light-chain variable domain. Root cause: SAbDab annotation error -- Hchain assigned to a light-chain sequence in a light-chain-only deposition with no Lchain partner recorded.,homo sapiens,L
8cz8_Bb_agM_m0,8cz8,sabdab_chain_mislabel,ANARCI HMM classifier identified the sequence stored in SAbDab's Hchain slot as a light-chain locus (kappa). Direct sequence inspection confirms a canonical light-chain variable domain. Root cause: SAbDab annotation error -- Hchain assigned to a light-chain sequence in a light-chain-only deposition with no Lchain partner recorded.,homo sapiens,K
8cz8_Cc_agE_m0,8cz8,sabdab_chain_mislabel,ANARCI HMM classifier identified the sequence stored in SAbDab's Hchain slot as a light-chain locus (lambda). Direct sequence inspection confirms a canonical light-chain variable domain. Root cause: SAbDab annotation error -- Hchain assigned to a light-chain sequence in a light-chain-only deposition with no Lchain partner recorded.,homo sapiens,L
8cz8_Dd_agE_m0,8cz8,sabdab_chain_mislabel,ANARCI HMM classifier identified the sequence stored in SAbDab's Hchain slot as a light-chain locus (kappa). Direct sequence inspection confirms a canonical light-chain variable domain. Root cause: SAbDab annotation error -- Hchain assigned to a light-chain sequence in a light-chain-only deposition with no Lchain partner recorded.,homo sapiens,K
8dy1_Cc_agA_m0,8dy1,sabdab_chain_mislabel,ANARCI HMM classifier identified the sequence stored in SAbDab's Hchain slot as a light-chain locus (lambda). Direct sequence inspection confirms a canonical light-chain variable domain. Root cause: SAbDab annotation error -- Hchain assigned to a light-chain sequence in a light-chain-only deposition with no Lchain partner recorded.,homo sapiens,L
8dy1_Dd_agB_m0,8dy1,sabdab_chain_mislabel,ANARCI HMM classifier identified the sequence stored in SAbDab's Hchain slot as a light-chain locus (lambda). Direct sequence inspection confirms a canonical light-chain variable domain. Root cause: SAbDab annotation error -- Hchain assigned to a light-chain sequence in a light-chain-only deposition with no Lchain partner recorded.,homo sapiens,L
8dy2_Aa_agNA_m0,8dy2,sabdab_chain_mislabel,ANARCI HMM classifier identified the sequence stored in SAbDab's Hchain slot as a light-chain locus (kappa). Direct sequence inspection confirms a canonical light-chain variable domain. Root cause: SAbDab annotation error -- Hchain assigned to a light-chain sequence in a light-chain-only deposition with no Lchain partner recorded.,homo sapiens,K
8dy2_Bb_agNA_m0,8dy2,sabdab_chain_mislabel,ANARCI HMM classifier identified the sequence stored in SAbDab's Hchain slot as a light-chain locus (kappa). Direct sequence inspection confirms a canonical light-chain variable domain. Root cause: SAbDab annotation error -- Hchain assigned to a light-chain sequence in a light-chain-only deposition with no Lchain partner recorded.,homo sapiens,K
8dy2_Cc_agNA_m0,8dy2,sabdab_chain_mislabel,ANARCI HMM classifier identified the sequence stored in SAbDab's Hchain slot as a light-chain locus (kappa). Direct sequence inspection confirms a canonical light-chain variable domain. Root cause: SAbDab annotation error -- Hchain assigned to a light-chain sequence in a light-chain-only deposition with no Lchain partner recorded.,homo sapiens,K
8dy2_Dd_agNA_m0,8dy2,sabdab_chain_mislabel,ANARCI HMM classifier identified the sequence stored in SAbDab's Hchain slot as a light-chain locus (kappa). Direct sequence inspection confirms a canonical light-chain variable domain. Root cause: SAbDab annotation error -- Hchain assigned to a light-chain sequence in a light-chain-only deposition with no Lchain partner recorded.,homo sapiens,K
8dy5_Aa_agC_m0,8dy5,sabdab_chain_mislabel,ANARCI HMM classifier identified the sequence stored in SAbDab's Hchain slot as a light-chain locus (lambda). Direct sequence inspection confirms a canonical light-chain variable domain. Root cause: SAbDab annotation error -- Hchain assigned to a light-chain sequence in a light-chain-only deposition with no Lchain partner recorded.,homo sapiens,L
8dy5_Bb_agD_m0,8dy5,sabdab_chain_mislabel,ANARCI HMM classifier identified the sequence stored in SAbDab's Hchain slot as a light-chain locus (lambda). Direct sequence inspection confirms a canonical light-chain variable domain. Root cause: SAbDab annotation error -- Hchain assigned to a light-chain sequence in a light-chain-only deposition with no Lchain partner recorded.,homo sapiens,L
8ek5_Ee_agA _ C_m0,8ek5,sabdab_chain_mislabel,ANARCI HMM classifier identified the sequence stored in SAbDab's Hchain slot as a light-chain locus (lambda). Direct sequence inspection confirms a canonical light-chain variable domain. Root cause: SAbDab annotation error -- Hchain assigned to a light-chain sequence in a light-chain-only deposition with no Lchain partner recorded.,homo sapiens,L
8jin_Bb_agA_m0,8jin,sabdab_chain_mislabel,ANARCI HMM classifier identified the sequence stored in SAbDab's Hchain slot as a light-chain locus (kappa). Direct sequence inspection confirms a canonical light-chain variable domain. Root cause: SAbDab annotation error -- Hchain assigned to a light-chain sequence in a light-chain-only deposition with no Lchain partner recorded.,homo sapiens,K
8jin_Pp_agA_m0,8jin,sabdab_chain_mislabel,ANARCI HMM classifier identified the sequence stored in SAbDab's Hchain slot as a light-chain locus (lambda). Direct sequence inspection confirms a canonical light-chain variable domain. Root cause: SAbDab annotation error -- Hchain assigned to a light-chain sequence in a light-chain-only deposition with no Lchain partner recorded.,homo sapiens,L
8jmm_Gg_agA_m0,8jmm,sabdab_chain_mislabel,ANARCI HMM classifier identified the sequence stored in SAbDab's Hchain slot as a light-chain locus (lambda). Direct sequence inspection confirms a canonical light-chain variable domain. Root cause: SAbDab annotation error -- Hchain assigned to a light-chain sequence in a light-chain-only deposition with no Lchain partner recorded.,homo sapiens,L
8jmm_Hh_agA_m0,8jmm,sabdab_chain_mislabel,ANARCI HMM classifier identified the sequence stored in SAbDab's Hchain slot as a light-chain locus (kappa). Direct sequence inspection confirms a canonical light-chain variable domain. Root cause: SAbDab annotation error -- Hchain assigned to a light-chain sequence in a light-chain-only deposition with no Lchain partner recorded.,homo sapiens,K
8jmm_Ii_agB_m0,8jmm,sabdab_chain_mislabel,ANARCI HMM classifier identified the sequence stored in SAbDab's Hchain slot as a light-chain locus (lambda). Direct sequence inspection confirms a canonical light-chain variable domain. Root cause: SAbDab annotation error -- Hchain assigned to a light-chain sequence in a light-chain-only deposition with no Lchain partner recorded.,homo sapiens,L
8jmm_Jj_agB_m0,8jmm,sabdab_chain_mislabel,ANARCI HMM classifier identified the sequence stored in SAbDab's Hchain slot as a light-chain locus (kappa). Direct sequence inspection confirms a canonical light-chain variable domain. Root cause: SAbDab annotation error -- Hchain assigned to a light-chain sequence in a light-chain-only deposition with no Lchain partner recorded.,homo sapiens,K
8jmm_Kk_agC_m0,8jmm,sabdab_chain_mislabel,ANARCI HMM classifier identified the sequence stored in SAbDab's Hchain slot as a light-chain locus (lambda). Direct sequence inspection confirms a canonical light-chain variable domain. Root cause: SAbDab annotation error -- Hchain assigned to a light-chain sequence in a light-chain-only deposition with no Lchain partner recorded.,homo sapiens,L
8jmm_Ll_agC_m0,8jmm,sabdab_chain_mislabel,ANARCI HMM classifier identified the sequence stored in SAbDab's Hchain slot as a light-chain locus (kappa). Direct sequence inspection confirms a canonical light-chain variable domain. Root cause: SAbDab annotation error -- Hchain assigned to a light-chain sequence in a light-chain-only deposition with no Lchain partner recorded.,homo sapiens,K
8jmm_Mm_agD_m0,8jmm,sabdab_chain_mislabel,ANARCI HMM classifier identified the sequence stored in SAbDab's Hchain slot as a light-chain locus (lambda). Direct sequence inspection confirms a canonical light-chain variable domain. Root cause: SAbDab annotation error -- Hchain assigned to a light-chain sequence in a light-chain-only deposition with no Lchain partner recorded.,homo sapiens,L
8jmm_Nn_agD_m0,8jmm,sabdab_chain_mislabel,ANARCI HMM classifier identified the sequence stored in SAbDab's Hchain slot as a light-chain locus (kappa). Direct sequence inspection confirms a canonical light-chain variable domain. Root cause: SAbDab annotation error -- Hchain assigned to a light-chain sequence in a light-chain-only deposition with no Lchain partner recorded.,homo sapiens,K
8jmm_Oo_agE_m0,8jmm,sabdab_chain_mislabel,ANARCI HMM classifier identified the sequence stored in SAbDab's Hchain slot as a light-chain locus (lambda). Direct sequence inspection confirms a canonical light-chain variable domain. Root cause: SAbDab annotation error -- Hchain assigned to a light-chain sequence in a light-chain-only deposition with no Lchain partner recorded.,homo sapiens,L
8jmm_Pp_agE_m0,8jmm,sabdab_chain_mislabel,ANARCI HMM classifier identified the sequence stored in SAbDab's Hchain slot as a light-chain locus (kappa). Direct sequence inspection confirms a canonical light-chain variable domain. Root cause: SAbDab annotation error -- Hchain assigned to a light-chain sequence in a light-chain-only deposition with no Lchain partner recorded.,homo sapiens,K
8jmm_Qq_agF_m0,8jmm,sabdab_chain_mislabel,ANARCI HMM classifier identified the sequence stored in SAbDab's Hchain slot as a light-chain locus (lambda). Direct sequence inspection confirms a canonical light-chain variable domain. Root cause: SAbDab annotation error -- Hchain assigned to a light-chain sequence in a light-chain-only deposition with no Lchain partner recorded.,homo sapiens,L
8jmm_Rr_agF_m0,8jmm,sabdab_chain_mislabel,ANARCI HMM classifier identified the sequence stored in SAbDab's Hchain slot as a light-chain locus (kappa). Direct sequence inspection confirms a canonical light-chain variable domain. Root cause: SAbDab annotation error -- Hchain assigned to a light-chain sequence in a light-chain-only deposition with no Lchain partner recorded.,homo sapiens,K
8pwu_Jj_agI_m0,8pwu,sabdab_chain_mislabel,ANARCI HMM classifier identified the sequence stored in SAbDab's Hchain slot as a light-chain locus (kappa). Direct sequence inspection confirms a canonical light-chain variable domain. Root cause: SAbDab annotation error -- Hchain assigned to a light-chain sequence in a light-chain-only deposition with no Lchain partner recorded.,homo sapiens,K
8r4o_Bb_agA_m0,8r4o,sabdab_chain_mislabel,ANARCI HMM classifier identified the sequence stored in SAbDab's Hchain slot as a light-chain locus (lambda). Direct sequence inspection confirms a canonical light-chain variable domain. Root cause: SAbDab annotation error -- Hchain assigned to a light-chain sequence in a light-chain-only deposition with no Lchain partner recorded.,homo sapiens,L
8r4o_Hh_agG_m0,8r4o,sabdab_chain_mislabel,ANARCI HMM classifier identified the sequence stored in SAbDab's Hchain slot as a light-chain locus (lambda). Direct sequence inspection confirms a canonical light-chain variable domain. Root cause: SAbDab annotation error -- Hchain assigned to a light-chain sequence in a light-chain-only deposition with no Lchain partner recorded.,homo sapiens,L
8r4o_Jj_agI_m0,8r4o,sabdab_chain_mislabel,ANARCI HMM classifier identified the sequence stored in SAbDab's Hchain slot as a light-chain locus (lambda). Direct sequence inspection confirms a canonical light-chain variable domain. Root cause: SAbDab annotation error -- Hchain assigned to a light-chain sequence in a light-chain-only deposition with no Lchain partner recorded.,homo sapiens,L
8r4q_Bb_agA_m0,8r4q,sabdab_chain_mislabel,ANARCI HMM classifier identified the sequence stored in SAbDab's Hchain slot as a light-chain locus (lambda). Direct sequence inspection confirms a canonical light-chain variable domain. Root cause: SAbDab annotation error -- Hchain assigned to a light-chain sequence in a light-chain-only deposition with no Lchain partner recorded.,homo sapiens,L
8r4q_Hh_agG_m0,8r4q,sabdab_chain_mislabel,ANARCI HMM classifier identified the sequence stored in SAbDab's Hchain slot as a light-chain locus (lambda). Direct sequence inspection confirms a canonical light-chain variable domain. Root cause: SAbDab annotation error -- Hchain assigned to a light-chain sequence in a light-chain-only deposition with no Lchain partner recorded.,homo sapiens,L
8r4q_Jj_agI_m0,8r4q,sabdab_chain_mislabel,ANARCI HMM classifier identified the sequence stored in SAbDab's Hchain slot as a light-chain locus (lambda). Direct sequence inspection confirms a canonical light-chain variable domain. Root cause: SAbDab annotation error -- Hchain assigned to a light-chain sequence in a light-chain-only deposition with no Lchain partner recorded.,homo sapiens,L
8r4u_Bb_agA_m0,8r4u,sabdab_chain_mislabel,ANARCI HMM classifier identified the sequence stored in SAbDab's Hchain slot as a light-chain locus (lambda). Direct sequence inspection confirms a canonical light-chain variable domain. Root cause: SAbDab annotation error -- Hchain assigned to a light-chain sequence in a light-chain-only deposition with no Lchain partner recorded.,homo sapiens,L
8r4u_Dd_agC_m0,8r4u,sabdab_chain_mislabel,ANARCI HMM classifier identified the sequence stored in SAbDab's Hchain slot as a light-chain locus (lambda). Direct sequence inspection confirms a canonical light-chain variable domain. Root cause: SAbDab annotation error -- Hchain assigned to a light-chain sequence in a light-chain-only deposition with no Lchain partner recorded.,homo sapiens,L
8r4u_Ff_agE_m0,8r4u,sabdab_chain_mislabel,ANARCI HMM classifier identified the sequence stored in SAbDab's Hchain slot as a light-chain locus (lambda). Direct sequence inspection confirms a canonical light-chain variable domain. Root cause: SAbDab annotation error -- Hchain assigned to a light-chain sequence in a light-chain-only deposition with no Lchain partner recorded.,homo sapiens,L
8r4u_Hh_agG_m0,8r4u,sabdab_chain_mislabel,ANARCI HMM classifier identified the sequence stored in SAbDab's Hchain slot as a light-chain locus (lambda). Direct sequence inspection confirms a canonical light-chain variable domain. Root cause: SAbDab annotation error -- Hchain assigned to a light-chain sequence in a light-chain-only deposition with no Lchain partner recorded.,homo sapiens,L
8u9s_Mm_agC _ D_m0,8u9s,sabdab_chain_mislabel,ANARCI HMM classifier identified the sequence stored in SAbDab's Hchain slot as a light-chain locus (kappa). Direct sequence inspection confirms a canonical light-chain variable domain. Root cause: SAbDab annotation error -- Hchain assigned to a light-chain sequence in a light-chain-only deposition with no Lchain partner recorded.,mus musculus,K
8u9s_Nn_agG _ H_m0,8u9s,sabdab_chain_mislabel,ANARCI HMM classifier identified the sequence stored in SAbDab's Hchain slot as a light-chain locus (kappa). Direct sequence inspection confirms a canonical light-chain variable domain. Root cause: SAbDab annotation error -- Hchain assigned to a light-chain sequence in a light-chain-only deposition with no Lchain partner recorded.,mus musculus,K
8ubi_Mm_agC _ D_m0,8ubi,sabdab_chain_mislabel,ANARCI HMM classifier identified the sequence stored in SAbDab's Hchain slot as a light-chain locus (kappa). Direct sequence inspection confirms a canonical light-chain variable domain. Root cause: SAbDab annotation error -- Hchain assigned to a light-chain sequence in a light-chain-only deposition with no Lchain partner recorded.,mus musculus,K
8ubi_Nn_agG _ H_m0,8ubi,sabdab_chain_mislabel,ANARCI HMM classifier identified the sequence stored in SAbDab's Hchain slot as a light-chain locus (kappa). Direct sequence inspection confirms a canonical light-chain variable domain. Root cause: SAbDab annotation error -- Hchain assigned to a light-chain sequence in a light-chain-only deposition with no Lchain partner recorded.,mus musculus,K
8ubj_Mm_agC _ D_m0,8ubj,sabdab_chain_mislabel,ANARCI HMM classifier identified the sequence stored in SAbDab's Hchain slot as a light-chain locus (kappa). Direct sequence inspection confirms a canonical light-chain variable domain. Root cause: SAbDab annotation error -- Hchain assigned to a light-chain sequence in a light-chain-only deposition with no Lchain partner recorded.,mus musculus,K
8ubj_Nn_agG _ H_m0,8ubj,sabdab_chain_mislabel,ANARCI HMM classifier identified the sequence stored in SAbDab's Hchain slot as a light-chain locus (kappa). Direct sequence inspection confirms a canonical light-chain variable domain. Root cause: SAbDab annotation error -- Hchain assigned to a light-chain sequence in a light-chain-only deposition with no Lchain partner recorded.,mus musculus,K
8ubk_Mm_agC _ B _ D_m0,8ubk,sabdab_chain_mislabel,ANARCI HMM classifier identified the sequence stored in SAbDab's Hchain slot as a light-chain locus (kappa). Direct sequence inspection confirms a canonical light-chain variable domain. Root cause: SAbDab annotation error -- Hchain assigned to a light-chain sequence in a light-chain-only deposition with no Lchain partner recorded.,mus musculus,K
8ubk_Nn_agG _ H_m0,8ubk,sabdab_chain_mislabel,ANARCI HMM classifier identified the sequence stored in SAbDab's Hchain slot as a light-chain locus (kappa). Direct sequence inspection confirms a canonical light-chain variable domain. Root cause: SAbDab annotation error -- Hchain assigned to a light-chain sequence in a light-chain-only deposition with no Lchain partner recorded.,mus musculus,K
8ubl_Mm_agC _ B _ D_m0,8ubl,sabdab_chain_mislabel,ANARCI HMM classifier identified the sequence stored in SAbDab's Hchain slot as a light-chain locus (kappa). Direct sequence inspection confirms a canonical light-chain variable domain. Root cause: SAbDab annotation error -- Hchain assigned to a light-chain sequence in a light-chain-only deposition with no Lchain partner recorded.,mus musculus,K
8ubl_Nn_agG _ H_m0,8ubl,sabdab_chain_mislabel,ANARCI HMM classifier identified the sequence stored in SAbDab's Hchain slot as a light-chain locus (kappa). Direct sequence inspection confirms a canonical light-chain variable domain. Root cause: SAbDab annotation error -- Hchain assigned to a light-chain sequence in a light-chain-only deposition with no Lchain partner recorded.,mus musculus,K
8vfx_Mm_agC _ D_m0,8vfx,sabdab_chain_mislabel,ANARCI HMM classifier identified the sequence stored in SAbDab's Hchain slot as a light-chain locus (kappa). Direct sequence inspection confirms a canonical light-chain variable domain. Root cause: SAbDab annotation error -- Hchain assigned to a light-chain sequence in a light-chain-only deposition with no Lchain partner recorded.,mus musculus,K
8vfx_Nn_agG _ H_m0,8vfx,sabdab_chain_mislabel,ANARCI HMM classifier identified the sequence stored in SAbDab's Hchain slot as a light-chain locus (kappa). Direct sequence inspection confirms a canonical light-chain variable domain. Root cause: SAbDab annotation error -- Hchain assigned to a light-chain sequence in a light-chain-only deposition with no Lchain partner recorded.,mus musculus,K
8vrr_Aa_agNA_m0,8vrr,sabdab_chain_mislabel,ANARCI HMM classifier identified the sequence stored in SAbDab's Hchain slot as a light-chain locus (kappa). Direct sequence inspection confirms a canonical light-chain variable domain. Root cause: SAbDab annotation error -- Hchain assigned to a light-chain sequence in a light-chain-only deposition with no Lchain partner recorded.,mus musculus,K
8vrs_Cc_agB_m0,8vrs,sabdab_chain_mislabel,ANARCI HMM classifier identified the sequence stored in SAbDab's Hchain slot as a light-chain locus (kappa). Direct sequence inspection confirms a canonical light-chain variable domain. Root cause: SAbDab annotation error -- Hchain assigned to a light-chain sequence in a light-chain-only deposition with no Lchain partner recorded.,mus musculus,K
8vrs_Dd_agA_m0,8vrs,sabdab_chain_mislabel,ANARCI HMM classifier identified the sequence stored in SAbDab's Hchain slot as a light-chain locus (kappa). Direct sequence inspection confirms a canonical light-chain variable domain. Root cause: SAbDab annotation error -- Hchain assigned to a light-chain sequence in a light-chain-only deposition with no Lchain partner recorded.,mus musculus,K
8yk4_Aa_agC_m0,8yk4,sabdab_chain_mislabel,ANARCI HMM classifier identified the sequence stored in SAbDab's Hchain slot as a light-chain locus (kappa). Direct sequence inspection confirms a canonical light-chain variable domain. Root cause: SAbDab annotation error -- Hchain assigned to a light-chain sequence in a light-chain-only deposition with no Lchain partner recorded.,homo sapiens,K
8ykg_Dd_agC_m0,8ykg,sabdab_chain_mislabel,ANARCI HMM classifier identified the sequence stored in SAbDab's Hchain slot as a light-chain locus (kappa). Direct sequence inspection confirms a canonical light-chain variable domain. Root cause: SAbDab annotation error -- Hchain assigned to a light-chain sequence in a light-chain-only deposition with no Lchain partner recorded.,homo sapiens,K
8ykg_Ff_agB_m0,8ykg,sabdab_chain_mislabel,ANARCI HMM classifier identified the sequence stored in SAbDab's Hchain slot as a light-chain locus (kappa). Direct sequence inspection confirms a canonical light-chain variable domain. Root cause: SAbDab annotation error -- Hchain assigned to a light-chain sequence in a light-chain-only deposition with no Lchain partner recorded.,homo sapiens,K
8ykh_Aa_agB_m0,8ykh,sabdab_chain_mislabel,ANARCI HMM classifier identified the sequence stored in SAbDab's Hchain slot as a light-chain locus (kappa). Direct sequence inspection confirms a canonical light-chain variable domain. Root cause: SAbDab annotation error -- Hchain assigned to a light-chain sequence in a light-chain-only deposition with no Lchain partner recorded.,homo sapiens,K
8ytn_Aa_agNA_m0,8ytn,sabdab_chain_mislabel,ANARCI HMM classifier identified the sequence stored in SAbDab's Hchain slot as a light-chain locus (lambda). Direct sequence inspection confirms a canonical light-chain variable domain. Root cause: SAbDab annotation error -- Hchain assigned to a light-chain sequence in a light-chain-only deposition with no Lchain partner recorded.,mus musculus,L
8yto_Aa_agNA_m0,8yto,sabdab_chain_mislabel,ANARCI HMM classifier identified the sequence stored in SAbDab's Hchain slot as a light-chain locus (lambda). Direct sequence inspection confirms a canonical light-chain variable domain. Root cause: SAbDab annotation error -- Hchain assigned to a light-chain sequence in a light-chain-only deposition with no Lchain partner recorded.,mus musculus,L
8ytp_Aa_aga_m0,8ytp,sabdab_chain_mislabel,ANARCI HMM classifier identified the sequence stored in SAbDab's Hchain slot as a light-chain locus (lambda). Direct sequence inspection confirms a canonical light-chain variable domain. Root cause: SAbDab annotation error -- Hchain assigned to a light-chain sequence in a light-chain-only deposition with no Lchain partner recorded.,mus musculus,L
8ywe_Bb_agA_m0,8ywe,sabdab_chain_mislabel,ANARCI HMM classifier identified the sequence stored in SAbDab's Hchain slot as a light-chain locus (lambda). Direct sequence inspection confirms a canonical light-chain variable domain. Root cause: SAbDab annotation error -- Hchain assigned to a light-chain sequence in a light-chain-only deposition with no Lchain partner recorded.,homo sapiens,L
8ywe_Cc_agA_m0,8ywe,sabdab_chain_mislabel,ANARCI HMM classifier identified the sequence stored in SAbDab's Hchain slot as a light-chain locus (kappa). Direct sequence inspection confirms a canonical light-chain variable domain. Root cause: SAbDab annotation error -- Hchain assigned to a light-chain sequence in a light-chain-only deposition with no Lchain partner recorded.,homo sapiens,K
9gry_Bb_agA_m0,9gry,sabdab_chain_mislabel,ANARCI HMM classifier identified the sequence stored in SAbDab's Hchain slot as a light-chain locus (kappa). Direct sequence inspection confirms a canonical light-chain variable domain. Root cause: SAbDab annotation error -- Hchain assigned to a light-chain sequence in a light-chain-only deposition with no Lchain partner recorded.,mus musculus,K
9gs3_Aa_agB_m0,9gs3,sabdab_chain_mislabel,ANARCI HMM classifier identified the sequence stored in SAbDab's Hchain slot as a light-chain locus (kappa). Direct sequence inspection confirms a canonical light-chain variable domain. Root cause: SAbDab annotation error -- Hchain assigned to a light-chain sequence in a light-chain-only deposition with no Lchain partner recorded.,mus musculus,K
9gs5_Bb_agA_m0,9gs5,sabdab_chain_mislabel,ANARCI HMM classifier identified the sequence stored in SAbDab's Hchain slot as a light-chain locus (kappa). Direct sequence inspection confirms a canonical light-chain variable domain. Root cause: SAbDab annotation error -- Hchain assigned to a light-chain sequence in a light-chain-only deposition with no Lchain partner recorded.,mus musculus,K
9gs7_Bb_agA_m0,9gs7,sabdab_chain_mislabel,ANARCI HMM classifier identified the sequence stored in SAbDab's Hchain slot as a light-chain locus (kappa). Direct sequence inspection confirms a canonical light-chain variable domain. Root cause: SAbDab annotation error -- Hchain assigned to a light-chain sequence in a light-chain-only deposition with no Lchain partner recorded.,mus musculus,K
9gsl_Bb_agA_m0,9gsl,sabdab_chain_mislabel,ANARCI HMM classifier identified the sequence stored in SAbDab's Hchain slot as a light-chain locus (kappa). Direct sequence inspection confirms a canonical light-chain variable domain. Root cause: SAbDab annotation error -- Hchain assigned to a light-chain sequence in a light-chain-only deposition with no Lchain partner recorded.,mus musculus,K
9i20_Bb_agA_m0,9i20,sabdab_chain_mislabel,ANARCI HMM classifier identified the sequence stored in SAbDab's Hchain slot as a light-chain locus (kappa). Direct sequence inspection confirms a canonical light-chain variable domain. Root cause: SAbDab annotation error -- Hchain assigned to a light-chain sequence in a light-chain-only deposition with no Lchain partner recorded.,mus musculus,K
9kfb_Aa_agB_m0,9kfb,sabdab_chain_mislabel,ANARCI HMM classifier identified the sequence stored in SAbDab's Hchain slot as a light-chain locus (lambda). Direct sequence inspection confirms a canonical light-chain variable domain. Root cause: SAbDab annotation error -- Hchain assigned to a light-chain sequence in a light-chain-only deposition with no Lchain partner recorded.,homo sapiens,L
9mba_Ss_agC _ D_m0,9mba,sabdab_chain_mislabel,ANARCI HMM classifier identified the sequence stored in SAbDab's Hchain slot as a light-chain locus (kappa). Direct sequence inspection confirms a canonical light-chain variable domain. Root cause: SAbDab annotation error -- Hchain assigned to a light-chain sequence in a light-chain-only deposition with no Lchain partner recorded.,mus musculus,K
9mba_Tt_agB _ R_m0,9mba,sabdab_chain_mislabel,ANARCI HMM classifier identified the sequence stored in SAbDab's Hchain slot as a light-chain locus (kappa). Direct sequence inspection confirms a canonical light-chain variable domain. Root cause: SAbDab annotation error -- Hchain assigned to a light-chain sequence in a light-chain-only deposition with no Lchain partner recorded.,mus musculus,K
9nwu_Aa_agNA_m0,9nwu,sabdab_chain_mislabel,ANARCI HMM classifier identified the sequence stored in SAbDab's Hchain slot as a light-chain locus (kappa). Direct sequence inspection confirms a canonical light-chain variable domain. Root cause: SAbDab annotation error -- Hchain assigned to a light-chain sequence in a light-chain-only deposition with no Lchain partner recorded.,homo sapiens,K
9nwu_Bb_agNA_m0,9nwu,sabdab_chain_mislabel,ANARCI HMM classifier identified the sequence stored in SAbDab's Hchain slot as a light-chain locus (kappa). Direct sequence inspection confirms a canonical light-chain variable domain. Root cause: SAbDab annotation error -- Hchain assigned to a light-chain sequence in a light-chain-only deposition with no Lchain partner recorded.,homo sapiens,K
9nwu_Cc_agNA_m0,9nwu,sabdab_chain_mislabel,ANARCI HMM classifier identified the sequence stored in SAbDab's Hchain slot as a light-chain locus (kappa). Direct sequence inspection confirms a canonical light-chain variable domain. Root cause: SAbDab annotation error -- Hchain assigned to a light-chain sequence in a light-chain-only deposition with no Lchain partner recorded.,homo sapiens,K
9nwu_Dd_agNA_m0,9nwu,sabdab_chain_mislabel,ANARCI HMM classifier identified the sequence stored in SAbDab's Hchain slot as a light-chain locus (kappa). Direct sequence inspection confirms a canonical light-chain variable domain. Root cause: SAbDab annotation error -- Hchain assigned to a light-chain sequence in a light-chain-only deposition with no Lchain partner recorded.,homo sapiens,K
9udn_Aa_agNA_m0,9udn,sabdab_chain_mislabel,ANARCI HMM classifier identified the sequence stored in SAbDab's Hchain slot as a light-chain locus (lambda). Direct sequence inspection confirms a canonical light-chain variable domain. Root cause: SAbDab annotation error -- Hchain assigned to a light-chain sequence in a light-chain-only deposition with no Lchain partner recorded.,mus musculus,L
9udp_Aa_agNA_m0,9udp,sabdab_chain_mislabel,ANARCI HMM classifier identified the sequence stored in SAbDab's Hchain slot as a light-chain locus (lambda). Direct sequence inspection confirms a canonical light-chain variable domain. Root cause: SAbDab annotation error -- Hchain assigned to a light-chain sequence in a light-chain-only deposition with no Lchain partner recorded.,mus musculus,L
9uds_Aa_agNA_m0,9uds,sabdab_chain_mislabel,ANARCI HMM classifier identified the sequence stored in SAbDab's Hchain slot as a light-chain locus (lambda). Direct sequence inspection confirms a canonical light-chain variable domain. Root cause: SAbDab annotation error -- Hchain assigned to a light-chain sequence in a light-chain-only deposition with no Lchain partner recorded.,mus musculus,L
9uds_Bb_agNA_m0,9uds,sabdab_chain_mislabel,ANARCI HMM classifier identified the sequence stored in SAbDab's Hchain slot as a light-chain locus (lambda). Direct sequence inspection confirms a canonical light-chain variable domain. Root cause: SAbDab annotation error -- Hchain assigned to a light-chain sequence in a light-chain-only deposition with no Lchain partner recorded.,mus musculus,L
9uds_Cc_agNA_m0,9uds,sabdab_chain_mislabel,ANARCI HMM classifier identified the sequence stored in SAbDab's Hchain slot as a light-chain locus (lambda). Direct sequence inspection confirms a canonical light-chain variable domain. Root cause: SAbDab annotation error -- Hchain assigned to a light-chain sequence in a light-chain-only deposition with no Lchain partner recorded.,mus musculus,L
9uds_Dd_agNA_m0,9uds,sabdab_chain_mislabel,ANARCI HMM classifier identified the sequence stored in SAbDab's Hchain slot as a light-chain locus (lambda). Direct sequence inspection confirms a canonical light-chain variable domain. Root cause: SAbDab annotation error -- Hchain assigned to a light-chain sequence in a light-chain-only deposition with no Lchain partner recorded.,mus musculus,L
9uym_Cc_agA_m0,9uym,sabdab_chain_mislabel,ANARCI HMM classifier identified the sequence stored in SAbDab's Hchain slot as a light-chain locus (kappa). Direct sequence inspection confirms a canonical light-chain variable domain. Root cause: SAbDab annotation error -- Hchain assigned to a light-chain sequence in a light-chain-only deposition with no Lchain partner recorded.,homo sapiens,K
9zqa_Ii_agB _ E _ D_m0,9zqa,sabdab_chain_mislabel,ANARCI HMM classifier identified the sequence stored in SAbDab's Hchain slot as a light-chain locus (kappa). Direct sequence inspection confirms a canonical light-chain variable domain. Root cause: SAbDab annotation error -- Hchain assigned to a light-chain sequence in a light-chain-only deposition with no Lchain partner recorded.,mus musculus,K
9zqa_Jj_agA _ F _ C_m0,9zqa,sabdab_chain_mislabel,ANARCI HMM classifier identified the sequence stored in SAbDab's Hchain slot as a light-chain locus (kappa). Direct sequence inspection confirms a canonical light-chain variable domain. Root cause: SAbDab annotation error -- Hchain assigned to a light-chain sequence in a light-chain-only deposition with no Lchain partner recorded.,mus musculus,K
9zqb_Ii_agB _ E _ D _ G_m0,9zqb,sabdab_chain_mislabel,ANARCI HMM classifier identified the sequence stored in SAbDab's Hchain slot as a light-chain locus (kappa). Direct sequence inspection confirms a canonical light-chain variable domain. Root cause: SAbDab annotation error -- Hchain assigned to a light-chain sequence in a light-chain-only deposition with no Lchain partner recorded.,mus musculus,K
9zqb_Jj_agA _ F _ H _ C_m0,9zqb,sabdab_chain_mislabel,ANARCI HMM classifier identified the sequence stored in SAbDab's Hchain slot as a light-chain locus (kappa). Direct sequence inspection confirms a canonical light-chain variable domain. Root cause: SAbDab annotation error -- Hchain assigned to a light-chain sequence in a light-chain-only deposition with no Lchain partner recorded.,mus musculus,K
9zqc_Ii_agB _ E _ D _ G_m0,9zqc,sabdab_chain_mislabel,ANARCI HMM classifier identified the sequence stored in SAbDab's Hchain slot as a light-chain locus (kappa). Direct sequence inspection confirms a canonical light-chain variable domain. Root cause: SAbDab annotation error -- Hchain assigned to a light-chain sequence in a light-chain-only deposition with no Lchain partner recorded.,mus musculus,K
9zqc_Jj_agA _ F _ C_m0,9zqc,sabdab_chain_mislabel,ANARCI HMM classifier identified the sequence stored in SAbDab's Hchain slot as a light-chain locus (kappa). Direct sequence inspection confirms a canonical light-chain variable domain. Root cause: SAbDab annotation error -- Hchain assigned to a light-chain sequence in a light-chain-only deposition with no Lchain partner recorded.,mus musculus,K
